번호_시군구명,업체명,소재지,신고일자,근로_수의사수
1 포항시,영일가축병원,경상북도 포항시 북구 흥해읍 남성리 327번지 2호 1통  ,1980-03-03,1
2 포항시,미르동물병원,경상북도 포항시 남구 오천읍 용덕리 449번지  ,2007-12-03,1
3 포항시,기계동물병원,경상북도 포항시 북구 기계면 현내리 312번지 29통 5반  ,1996-02-05,1
4 포항시,장기가축병원,경상북도 포항시 남구 장기면 마현리 322번지 1호 2통  ,1981-09-24,1
5 포항시,가나종합동물병원,경상북도 포항시 북구 대흥동 619번지 42호 46통 4반  ,1997-04-24,1
6 포항시,손수의과병원,경상북도 포항시 북구 덕수동 46번지 5호 16통  ,1997-02-04,1
7 포항시,대호동물병원,경상북도 포항시 북구 남빈동 989번지 118호 10통 4반  ,2000-10-25,1
8 포항시,풍지동물병원,경상북도 포항시 남구 해도동 33번지 73호  ,2001-05-17,1
9 포항시,신세계동물병원,경상북도 포항시 남구 해도동 123번지 5호  ,2006-01-24,1
10 포항시,김수의과병원,경상북도 포항시 북구 용흥동 118번지 18호 45통 5반  ,1990-12-07,1
11 포항시,청운동물병원,경상북도 포항시 북구 용흥동 625번지 2호 22통 2반  ,1995-07-12,1
12 포항시,홍경태동물병원,경상북도 포항시 북구 용흥동 618번지 39호 15통 4반  ,1990-05-12,1
13 포항시,포항동물병원,경상북도 포항시 북구 용흥동 144번지 8호  ,1999-03-30,3
14 포항시,최영준동물병원,경상북도 포항시 북구 용흥동 117번지 3호 55통 5반  ,1992-03-17,1
15 포항시,함께하는 동물병원,경상북도 포항시 남구 대잠동 986번지 7호 대산빌딩 102호 ,2003-04-12,1
16 포항시,초원동물병원,경상북도 포항시 북구 장성동 866번지 271호  ,2009-05-25,1
17 포항시,닥터 노아 동물병원,경상북도 포항시 남구 대잠동 936번지 10호  ,2014-10-16,1
18 포항시,장성동물병원,경상북도 포항시 북구 장성동 1353번지 5호 12통  ,2004-12-14,1
19 포항시,양덕동물병원,경상북도 포항시 북구 양덕동 1755번지 21통 7반  ,2012-08-07,1
20 포항시,포항축협동물병원,경상북도 포항시 북구 기계면 내단리 329번지  ,2012-02-22,1
21 포항시,견우동물병원,경상북도 포항시 북구 두호동 1052번지 2호  ,2016-06-07,2
22 포항시,이선동물병원,경상북도 포항시 북구 두호동 1103번지 1호  ,2017-02-27,1
23 포항시,조은동물병원,경상북도 포항시 남구 상도동 601번지 14호  ,2018-03-30,1
24 포항시,흥해동물병원,경상북도 포항시 북구 흥해읍 남성리 244번지  ,2018-09-07,1
25 포항시,관문동물병원,경상북도 포항시 남구 효자동 594번지 4호  ,2019-01-16,1
26 포항시,효자동물병원,경상북도 포항시 남구 효자동 310번지  ,2021-07-29,1
27 포항시,리봄동물의료센터,경상북도 포항시 북구 장성동 1494번지 1호  ,2020-02-27,2
28 포항시,진동물병원,경상북도 포항시 북구 신광면 토성리 506번지  ,2019-10-30,1
29 포항시,굿모닝동물병원,경상북도 포항시 남구 오천읍 원리 939번지  ,2019-04-25,1
30 포항시,홍경태동물의료원,경상북도 포항시 북구 용흥동 618번지 39호 1층 ,2018-11-12,1
31 포항시,우성동물병원,경상북도 포항시 남구 오천읍 용산리 313번지 5호 삼주용산타운 ,2018-05-09,1
32 포항시,도깨비동물병원,경상북도 포항시 남구 지곡동 480번지 4호 애드빌 상가 102동 206호 ,2017-02-28,1
33 포항시,윤동물병원,경상북도 포항시 북구 흥해읍 북송리 294번지 6호  ,2016-10-27,1
34 포항시,문덕동물병원,    ,2013-07-18,1
35 포항시,포항중앙동물병원,경상북도 포항시 북구 양덕동 689번지 2호  ,2013-08-09,1
36 포항시,대흥동물병원,경상북도 포항시 북구 장성동 1554번지 15호  ,2014-05-30,1
37 경주시,중앙가축병원,경상북도 경주시 안강읍 안강리 319번지 136호  ,1974-07-20,1
38 경주시,현대동물병원,경상북도 경주시 안강읍 산대리 2415번지 9호  ,2008-03-10,1
39 경주시,경북대동물병원,경상북도 경주시 안강읍 안강리 304번지 4호  ,2003-01-20,1
40 경주시,안강가축병원,경상북도 경주시 강동면 인동리 319번지  ,1977-03-30,1
41 경주시,청림동물병원,경상북도 경주시 안강읍 안강리 588번지 11호  ,1999-06-14,1
42 경주시,신광동물병원,경상북도 경주시 건천읍 건천리 268번지 7호  ,2000-06-30,1
43 경주시,건국동물병원,경상북도 경주시 외동읍 입실리 1005번지 8호  ,1996-01-05,1
44 경주시,가람동물병원,경상북도 경주시 외동읍 입실리 1046번지 17호  ,2002-08-26,1
45 경주시,영남가축병원,경상북도 경주시 문무대왕면 어일리 1295번지 193호  ,1972-01-21,1
46 경주시,양북동물병원,경상북도 경주시 문무대왕면 어일리  ,2011-08-04,2
47 경주시,가나동물병원,경상북도 경주시 천북면 신당리 1126번지 3호  ,2001-05-14,1
48 경주시,손진규동물병원,경상북도 경주시 서부동 235번지 1호  ,1990-08-24,1
49 경주시,서라벌동물병원약품,경상북도 경주시 노서동 129번지 7호  ,2000-03-28,3
50 경주시,알파동물병원,경상북도 경주시 노서동 163번지 4호  ,2000-05-06,1
51 경주시,대원가축병원,경상북도 경주시 동부동 133번지 7호  ,1994-07-07,2
52 경주시,즐거운 동물병원,경상북도 경주시 서부동  ,2008-06-13,1
53 경주시,최상범동물병원,경상북도 경주시 서부동 253번지 13호  ,2008-11-04,1
54 경주시,경주동물병원,경상북도 경주시 성동동 146번지 6호  ,1995-01-19,1
55 경주시,성심동물병원,경상북도 경주시 황오동 83번지 21호  ,2010-11-03,1
56 경주시,신라동물병원,경상북도 경주시 성건동 690번지 3호 천마축우회 ,1995-08-01,1
57 경주시,서라벌동물병원,경상북도 경주시 석장동 1066번지 11호  ,2000-12-19,1
58 경주시,최기섭동물병원,경상북도 경주시 성건동 178번지 24호  ,2005-06-27,1
59 경주시,한일가축병원,경상북도 경주시 효현동 486번지  ,1986-07-11,1
60 경주시,첨성대동물병원,경상북도 경주시 충효동 2927번지 충효대우1차아파트 상가동 102호 ,2015-10-01,1
61 경주시,러브펫 동물병원,경상북도 경주시 황성동 472번지 10호  ,2007-08-20,1
62 경주시,이:은종합동물병원,경상북도 경주시 동천동 596번지 1호  ,2014-12-26,1
63 경주시,다보가축병원,경상북도 경주시 구정동 429번지 7호 불국공설시장 ,1979-11-02,1
64 경주시,연성 동물병원,경상북도 경주시 안강읍 안강리 346번지 16호  ,2011-10-30,1
65 경주시,김병규동물병원,경상북도 경주시 시래동 365번지 1호  ,2012-02-02,1
66 경주시,반석동물병원,    ,2016-12-01,1
67 경주시,윤동물병원,경상북도 경주시 용강동 1384번지 삼환나우빌 107동 902호 ,2019-08-07,1
68 경주시,스마일동물의료센터,경상북도 경주시 황성동 1312번지  ,2020-05-25,0
69 경주시,공원옆 동물병원,    ,2016-12-23,1
70 경주시,경주축협동물병원(황성점),    ,2016-04-06,1
71 경주시,기분좋은 동물병원,경상북도 경주시 양남면 읍천리 44번지  ,2012-10-04,1
72 경주시,삼성동물병원,경상북도 경주시 안강읍 안강리 305번지 9호  ,2012-12-14,1
73 경주시,다돈동물병원,경상북도 경주시 안강읍 청령리 747번지 4호  ,2013-04-02,1
74 김천시,제일가축병원,경상북도 김천시 성내동 10번지 23호  ,1998-02-14,1
75 김천시,미래동물병원,경상북도 김천시 성내동 10번지 23호  ,2010-06-14,1
76 김천시,삼양가축병원,경상북도 김천시 평화동 245번지 12호  ,1998-02-14,1
77 김천시,우정 팜 크리닉,경상북도 김천시 평화동  ,1999-02-26,3
78 김천시,두산동물병원,경상북도 김천시 성내동 181번지 6호  ,1998-02-14,1
79 김천시,녹십자동물병원,경상북도 김천시 황금동 102번지 1호  ,2001-02-14,1
80 김천시,백두동물병원,경상북도 김천시 황금동 167번지 30호  ,2008-04-29,2
81 김천시,금오산낙농축협동물병원,경상북도 김천시 대광동 1088번지  ,2004-07-22,1
82 김천시,금오산낙협동물병원,경상북도 김천시 부곡동 395번지 3   호  ,2004-07-22,0
83 김천시,가람가축병원,경상북도 김천시 황금동 17번지 12호  ,1998-02-14,1
84 김천시,훈동물병원,경상북도 김천시 지좌동 440번지 37호  ,2020-08-11,1
85 김천시,김천축산농협 동물병원,경상북도 김천시 성내동 8번지 1호  ,2019-11-19,1
86 김천시,가야동물병원,경상북도 김천시 남산동 12번지 3호  ,2000-07-26,1
87 김천시,김천연합동물병원,경상북도 김천시 신음동 1313번지 대신휴먼시아 ,2015-06-12,2
88 김천시,율곡동물병원,경상북도 김천시 율곡동 780번지 율곡스퀘어Ⅲ ,2019-01-14,1
89 김천시,지수애완동물병원,경상북도 김천시 부곡동 1504번지  ,2001-01-09,1
90 안동시,신세계동물병원,경상북도 안동시 명륜동 328번지 4호  ,2003-12-04,1
91 안동시,연합가축병원,경상북도 안동시 당북동 311번지 7호  ,1992-11-24,1
92 안동시,황동물병원,경상북도 안동시 당북동 333번지 93호  ,1999-08-09,1
93 안동시,서울종합동물병원,경상북도 안동시 옥야동 340번지 49호  ,2016-06-01,1
94 안동시,보경종합동물병원,경상북도 안동시 당북동 333번지 120호  ,2006-05-26,1
95 안동시,보우종합동물병원,경상북도 안동시 안기동 235번지 17호  ,2000-05-13,1
96 안동시,영민동물병원,경상북도 안동시 송현동 419번지 1호  ,2003-05-15,1
97 안동시,대구가축병원,경상북도 안동시 옥동 920번지 4호  104동 703호 ,1983-04-22,1
98 안동시,안동제1 동물병원,경상북도 안동시 옥동 796번지 1호  ,2006-08-10,1
99 안동시,경북가축병원,경상북도 안동시 금곡동 124번지 1호 0통 0반  ,1979-07-05,1
100 안동시,구담가축병원,경상북도 안동시 풍천면 구담리 488번지 2호  ,1974-02-26,1
101 안동시,안동동물의료센터,경상북도 안동시 옥동 790번지 8호  ,2019-08-12,2
102 안동시,강남메디컬동물병원,경상북도 안동시 정하동 251번지 2호  ,2019-07-31,1
103 안동시,경상북도 야생동물 구조관리센터,    ,2017-05-12,1
104 안동시,풍산동물병원,    ,2017-03-09,1
105 안동시,태인동물병원(출장진료전문병원),경상북도 안동시 서후면 명리 489번지 학산아파트 101동 402호 ,2018-07-27,1
106 안동시,BAC 바른동물병원,경상북도 안동시 정하동 371번지 4호  ,2017-09-18,1
107 안동시,안동봉화축협동물병원,경상북도 안동시 광석동 20번지 4호 안동봉화축협 ,2002-08-13,1
108 구미시,김수의과병원,경상북도 구미시 선산읍 이문리 91번지 2호 4통  ,1972-05-20,1
109 구미시,(주)대경동물병원,경상북도 구미시 선산읍 화조리 188번지  ,2002-01-11,2
110 구미시,우리동물병원,경상북도 구미시 선산읍 신기리 47번지  ,1993-09-09,1
111 구미시,파랑새동물병원,경상북도 구미시 고아읍 문성리 1294번지  ,1995-07-14,1
112 구미시,초원동물병원(출장진료전문병원),경상북도 구미시 해평면 산양리 64번지 2호  ,1997-02-18,1
113 구미시,가나동물병원,경상북도 구미시 원평동 1029번지 2호  ,1992-05-22,2
114 구미시,형곡동물병원,경상북도 구미시 형곡동 857번지  ,2004-02-11,1
115 구미시,구미 JM 동물 메디컬 센터,경상북도 구미시 공단동 251번지  ,2016-06-15,2
116 구미시,사랑동물병원,경상북도 구미시 인의동 840번지 1호  ,2003-04-09,1
117 구미시,구미가축병원,경상북도 구미시 원평동 964번지 214호  ,1964-05-31,1
118 구미시,상모동물병원,경상북도 구미시 상모동 48번지 6호  ,2004-12-02,1
119 구미시,쿨펫동물병원 구미점,경상북도 구미시 신평동 465번지 롯데마트구미점 ,2005-12-22,1
120 구미시,베스트동물병원,경상북도 구미시 진평동 5번지 3호  ,2007-07-19,1
121 구미시,구미TOP동물의료센터,경상북도 구미시 도량동 269번지 1호 RP도량점 ,2021-04-29,4
122 구미시,태원동물병원,경상북도 구미시 선산읍 노상리 48번지 구미선산 주공아파트 ,2021-03-24,1
123 구미시,다나은동물병원,경상북도 구미시 해평면 낙성리 153번지 1호  ,2020-06-23,0
124 구미시,정다운동물병원,경상북도 구미시 선산읍 교리 1349번지  ,2020-05-12,1
125 구미시,예스동물병원,경상북도 구미시 선산읍 이문리 690번지  ,2020-04-27,1
126 구미시,도그플러스 동물병원,경상북도 구미시 광평동 792번지 21호 홈플러스 구미광평점 ,2019-04-24,2
127 구미시,선샤인 동물병원,경상북도 구미시 도량동 466번지 1호  ,2018-10-12,1
128 구미시,천호동물병원,경상북도 구미시 해평면 월호리 464번지 15호  ,2018-06-08,1
129 구미시,범방동물병원,경상북도 구미시 선산읍 완전리 210번지  ,2017-07-10,1
130 구미시,구미 산동 아이엔 동물병원,경상북도 구미시 산동읍 신당리 1417번지  ,2021-06-13,1
131 구미시,현대동물병원,경상북도 구미시 사곡동 690번지 1호 굿팰리스 ,2021-04-29,1
132 구미시,수현동물병원,경상북도 구미시 산동읍 동곡리 547번지 1호  ,2017-06-12,1
133 구미시,구평동물병원,경상북도 구미시 구평동 447번지 10호  ,2014-12-12,1
134 구미시,보드미동물병원,경상북도 구미시 옥계동 734번지 2호  ,2013-11-27,1
135 구미시,다온동물병원,경상북도 구미시 인의동 702번지 6호  ,2013-03-07,1
136 구미시,봉곡동물병원,경상북도 구미시 봉곡동 433번지 6호  ,2013-03-06,1
137 구미시,늘푸른 동물병원,경상북도 구미시 도량동 316번지  ,2012-01-09,1
138 구미시,오태동물병원,경상북도 구미시 오태동 742번지 1호  ,2011-12-29,1
139 구미시,구미옥계동물병원,경상북도 구미시 옥계동 739번지 1호  ,2010-04-07,1
140 구미시,강남동물병원,경상북도 구미시 원평동 1060번지 14호  ,2006-12-26,1
141 구미시,구미칠곡축산농협동물병원,경상북도 구미시 선산읍 교리 422번지 14호  ,2005-06-17,1
142 구미시,인동동물병원,경상북도 구미시 인의동 836번지 2호  ,1997-04-08,1
143 구미시,한솔동물병원,경상북도 구미시 선산읍 이문리 86번지 8호  ,2000-09-08,1
144 구미시,신세계동물병원,경상북도 구미시 송정동 463번지 4호  ,1996-03-13,1
145 구미시,산동가축병원,경상북도 구미시 장천면 상장리 886번지 1호  ,1964-06-27,1
146 구미시,금오동물병원,경상북도 구미시 원평동 964번지 225호  ,1994-10-19,1
147 영주시,경동가축병원,경상북도 영주시 하망동 249번지 8호 14통 3반  ,1993-12-09,1
148 영주시,하동물병원,경상북도 영주시 하망동 334번지 30호  ,2011-02-27,1
149 영주시,풍기동물병원,경상북도 영주시 하망동 422번지 46호  ,1984-05-03,1
150 영주시,영주동물병원,경상북도 영주시 영주동 528번지 13호  ,1983-07-15,1
151 영주시,김대진동물병원,경상북도 영주시 영주동 505번지 1호  ,2003-08-14,1
152 영주시,동은동물병원,경상북도 영주시 영주동 480번지 10호 27통 3반  ,2008-09-22,1
153 영주시,보람동물병원,경상북도 영주시 휴천동 709번지 44호  ,2007-10-17,1
154 영주시,영주축협동물병원,경상북도 영주시 가흥동 885번지 2호  ,1999-11-25,2
155 영주시,청아동물병원,경상북도 영주시 휴천동 642번지 985호  ,2002-03-06,1
156 영주시,한우리 동물병원,경상북도 영주시 하망동 252번지 15호  ,2012-05-01,1
157 영주시,마리동물병원,경상북도 영주시 가흥동 1584번지 2호  ,2012-06-04,1
158 영주시,안정현동물병원,경상북도 영주시 휴천동 653번지 14호  ,2012-08-08,1
159 영주시,수동물병원,    ,2015-02-24,1
160 영주시,국립공원공단 국립공원연구원 생태보전실 중부보전센터,    ,2015-10-14,1
161 영주시,준동물병원,    ,2016-03-09,2
162 영주시,한성동물병원,    ,2017-02-17,1
163 영주시,신세계동물병원,    ,2017-04-10,1
164 영주시,도담동물병원,경상북도 영주시 가흥동 465번지 10호  ,2019-07-16,1
165 영주시,장동물병원,경상북도 영주시 휴천동 642번지 985호  ,2019-11-01,1
166 영천시,미래연합동물병원,경상북도 영천시 금호읍 교대리  ,2009-05-28,1
167 영천시,양수의과병원,경상북도 영천시 야사동 293번지 8호  ,2005-06-28,1
168 영천시,한솔동물병원,경상북도 영천시 문외동 258번지 2호  ,1999-05-27,1
169 영천시,영천동물병원,경상북도 영천시 문내동 121번지 2호  ,2011-06-17,1
170 영천시,영천축협동물병원,경상북도 영천시 문외동 40번지 29호  ,2005-06-23,1
171 영천시,성 수의과병원,경상북도 영천시 성내동  ,1996-05-11,1
172 영천시,대운 동물병원,경상북도 영천시 화룡동 282번지 4호  ,2011-12-30,1
173 영천시,우리동물병원,경상북도 영천시 완산동 994번지 62호  ,1995-07-15,1
174 영천시,대관령가축병원,경상북도 영천시 완산동 891번지  ,2005-06-28,1
175 영천시,제일가축병원,경상북도 영천시 완산동 982번지 8호  ,1998-10-28,1
176 영천시,경민동물병원,경상북도 영천시 도림동 709번지 1호 외 1필지(709) ,2012-02-27,3
177 영천시,누리동물병원,    ,2016-05-03,1
178 영천시,알프스동물병원,    ,2016-10-05,1
179 영천시,우진동물병원(출장진료전문병원),경상북도 영천시 성내동 146번지 1호  ,2017-01-26,1
180 영천시,팔공동물병원(출장진료전문),경상북도 영천시 금호읍 교대리 104번지 2호  ,2017-12-11,1
181 영천시,별빛동물병원,경상북도 영천시 북안면 임포리 244번지 범진아파트 ,2019-05-03,1
182 영천시,온누리동물병원,경상북도 영천시 청통면 치일리 8번지 4호  ,2021-03-08,1
183 영천시,한마음동물병원,경상북도 영천시 금호읍 교대리 38번지 3호  ,2021-09-02,1
184 상주시,함창가축병원,경상북도 상주시 함창읍 구향리 128번지 4호  ,1963-08-01,1
185 상주시,청리가축병원,경상북도 상주시 청리면 원장리 868번지 1호  ,1973-03-03,1
186 상주시,백두동물병원,경상북도 상주시 공성면 옥산리  ,2009-02-03,1
187 상주시,모서동물병원,경상북도 상주시 모서면 삼포리 254번지 3호  ,1976-05-10,1
188 상주시,공검가축병원,경상북도 상주시 공검면 양정리 22번지 3호 8통  ,1977-07-01,1
189 상주시,상주동물병원,경상북도 상주시 남성동 36번지 14호  ,1988-12-02,1
190 상주시,그린종합동물병원,경상북도 상주시 남성동 165번지 2호 56통 명곡미래빌 4단지 401동 801호 ,2013-08-14,1
191 상주시,고려동물병원,경상북도 상주시 남성동 101번지 11호  ,1997-05-01,1
192 상주시,대성동물병원,경상북도 상주시 서성동 64번지  ,2009-03-26,1
193 상주시,가람동물병원,경상북도 상주시 복룡동 293번지 37호  ,1996-02-08,1
194 상주시,한빛동물병원,경상북도 상주시 외답동 845번지  ,2007-09-13,2
195 상주시,경북종합동물병원,경상북도 상주시 함창읍 구향리 122번지 80호  ,1993-02-24,1
196 상주시,고고동물병원,경상북도 상주시 공성면 옥산리 171번지  ,2021-04-21,1
197 상주시,장수의과 동물병원,경상북도 상주시 남성동 96번지 1호  ,2020-05-22,1
198 상주시,우리동물병원,경상북도 상주시 무양동 287번지  ,2020-03-04,1
199 상주시,건국가축병원,경상북도 상주시 신봉동 337번지 5호  ,2020-03-04,1
200 상주시,더존 동물병원,경상북도 상주시 사벌국면 덕담리 444번지 2호  ,2018-12-04,1
201 상주시,무양반려동물병원,경상북도 상주시 무양동 55번지 22호  ,2017-09-12,2
202 상주시,동산동물병원,경상북도 상주시 성하동 11번지 3호  ,2015-04-27,1
203 상주시,북부동물병원,경상북도 상주시 낙동면 상촌리 282번지 1호  ,2015-06-17,1
204 상주시,상주가축진료소,경상북도 상주시 낙동면 낙동리 220번지  ,2015-07-07,1
205 상주시,계림동물병원,경상북도 상주시 복룡동 341번지  ,2016-12-06,1
206 상주시,박영학동물병원,경상북도 상주시 복룡동 282번지  ,2016-11-03,1
207 상주시,경북대학교 수의과대학 부속동물병원(분원),경상북도 상주시 가장동 386번지 경북대학교상주캠퍼스 ,2013-12-26,1
208 상주시,상주축협 동물병원,경상북도 상주시 지천동 106번지 16호  ,1994-11-23,2
209 문경시,행복한동물병원,경상북도 문경시 모전동 115번지 11호  ,2004-01-31,1
210 문경시,동원동물병원,경상북도 문경시 흥덕동 308번지 7호 8통 2반  ,1987-12-10,1
211 문경시,종합가축병원,경상북도 문경시 흥덕동 200번지 1호 10통 1반  ,1990-04-12,1
212 문경시,현대동물병원,경상북도 문경시 흥덕동 789번지  ,2010-05-10,1
213 문경시,강해철 동물병원,경상북도 문경시 모전동 883번지 6호  ,2008-10-01,1
214 문경시,제일가축병원,경상북도 문경시 흥덕동 249번지 10호  ,1995-06-01,1
215 문경시,문경축협 동물병원,경상북도 문경시 흥덕동 223번지 3호  ,2011-06-30,1
216 문경시,보람동물병원,경상북도 문경시 흥덕동 653번지 1호  ,2018-07-25,1
217 문경시,태산동물병원,경상북도 문경시 영신동 488번지 16호  ,2021-02-28,1
218 경산시,대림동물병원,경상북도 경산시 하양읍 금락리 9번지 2호  ,1969-04-04,1
219 경산시,하양동물병원,경상북도 경산시 하양읍 도리리 112번지 63호  ,1991-01-21,1
220 경산시,강북동물병원,경상북도 경산시 하양읍 동서리 592번지 1호  ,2006-05-11,1
221 경산시,자인동물병원,경상북도 경산시 자인면 서부리 256번지 5호 5통  ,1990-03-06,2
222 경산시,용성동물병원,경상북도 경산시 용성면 당리리 128번지 3호 1통  ,1966-08-10,1
223 경산시,유한동물병원,경상북도 경산시 중방동 828번지 24호  ,2012-05-10,1
224 경산시,행복한 동물병원,경상북도 경산시 옥산동 758번지 4호  ,2010-08-02,2
225 경산시,가나종합동물병원,경상북도 경산시 옥산동 758번지 7호  ,2002-11-18,1
226 경산시,정평동물병원,경상북도 경산시 정평동 246번지 48호  ,2004-02-12,1
227 경산시,더샵 동물병원,경상북도 경산시 중산동 591번지  ,2014-10-29,1
228 경산시,우리동물병원,경상북도 경산시 대정동 693번지  ,2015-09-22,1
229 경산시,초원동물병원,경상북도 경산시 중방동 849번지 6호  ,1987-08-17,1
230 경산시,경산동물병원,경상북도 경산시 중방동 846번지 6호  ,1992-11-23,1
231 경산시,영대동물병원,경상북도 경산시 중방동 245번지 2호  ,1998-10-30,1
232 경산시,제일동물병원,경상북도 경산시 중방동 849번지 21호  ,2011-05-25,1
233 경산시,김영복수의과병원,경상북도 경산시 중방동 864번지 11호  ,2001-12-01,1
234 경산시,동부동물병원,경상북도 경산시 압량읍 부적리 537번지 1호  ,2014-09-25,1
235 경산시,고은동물병원,"경상북도 경산시 중방동 841번지 5호 한국농어촌공사 경산,청도지사 ",2005-01-04,2
236 경산시,소소 동물병원,경상북도 경산시 진량읍 선화리 720번지 9호  ,2021-03-09,1
237 경산시,원 애니멀 씨앤씨(원 Animal CNC),경상북도 경산시 하양읍 동서리 1090번지  ,2021-01-11,1
238 경산시,명수의병원,경상북도 경산시 삼북동 250번지 23호  ,2020-07-02,1
239 경산시,오월의 동물병원,경상북도 경산시 정평동 187번지 7호  ,2020-03-13,1
240 경산시,한국동물병원,경상북도 경산시 하양읍 동서리 1090번지  ,2019-06-28,2
241 경산시,오케이 동물병원,경상북도 경산시 와촌면 동강리 140번지  ,2018-09-03,1
242 경산시,큰사랑동물병원,경상북도 경산시 사동 659번지 1호 부영원앙마을 ,2018-08-17,1
243 경산시,한결같은 동물병원,경상북도 경산시 하양읍 동서리 900번지 3호  ,2018-07-06,1
244 경산시,고앤서 동물병원,경상북도 경산시 중산동 632번지  ,2018-04-19,2
245 경산시,최우식 동물병원,경상북도 경산시 하양읍 금락리 654번지  ,2018-04-10,1
246 경산시,경산의 삽살개육종연구소,경상북도 경산시 와촌면 박사리 산 21번지 1호  ,2018-01-30,1
247 경산시,진량동물병원,경상북도 경산시 옥산동 849번지 1호  ,2017-03-20,1
248 경산시,함께하는 동물병원,경상북도 경산시 압량읍 신대리 465번지  ,2017-02-23,1
249 경산시,다원동물병원,경상북도 경산시 와촌면 동강리 140번지  ,2016-12-23,2
250 경산시,우리집동물병원,경상북도 경산시 중방동 829번지 8호  ,2016-12-13,1
251 경산시,다정동물병원,경상북도 경산시 옥산동 734번지 1호  ,2016-08-05,1
252 경산시,영대연합동물병원,경상북도 경산시 조영동 283번지 1호  ,2016-05-09,1
253 경산시,늘봄동물병원,경상북도 경산시 하양읍 금락리 116번지 157호  ,2015-12-16,1
254 경산시,기운찬 동물병원,경상북도 경산시 사동 28번지  ,2015-03-27,1
255 경산시,경산축산농협 동물병원,경상북도 경산시 자인면 서부리 662번지 9호  ,2012-05-24,1
256 경산시,더그린 컨설팅&크리닉,경상북도 경산시 용성면 용전리 435번지  ,2009-10-12,1
257 군위군,대구가축병원,경상북도 군위군 군위읍 동부리 396번지 1호 2통  ,1968-02-10,1
258 군위군,도수의과가축병원,경상북도 군위군 군위읍 서부리 591번지 13통  ,1992-10-07,1
259 군위군,버팔로 동물병원,경상북도 군위군 군위읍 서부리 126번지 9호  ,2014-10-02,1
260 군위군,박성준 동물병원,경상북도 군위군 군위읍 동부리 324번지 1호 2통  ,1996-05-17,1
261 군위군,우성동물병원,경상북도 군위군 군위읍 서부리 151번지 31호  ,2005-06-15,1
262 군위군,와이제이클리닉,경상북도 군위군 군위읍 서부리 151번지 29호  ,2021-01-11,0
263 의성군,경의,경상북도 의성군 의성읍 후죽리 474번지 5호 2통  ,1983-05-07,1
264 의성군,중부,경상북도 의성군 의성읍 도동리 971번지 6호  ,2001-01-11,1
265 의성군,의성동물병원,경상북도 의성군 의성읍 도동리 908번지 17호  ,1995-01-05,1
266 의성군,동산,경상북도 의성군 금성면 대리리 59번지 6호  ,1965-12-09,1
267 의성군,의성축협동물병원,경상북도 의성군 봉양면 도원리 802번지 1호  ,2007-06-27,1
268 의성군,협동,경상북도 의성군 안계면 용기리 839번지 2호 1통  ,1965-10-19,1
269 의성군,김수의과 동물병원,경상북도 의성군 안계면 용기리  ,1996-04-21,1
270 의성군,중앙,경상북도 의성군 다인면 서릉리 158번지 9호  ,1995-04-26,1
271 의성군,도리원 동물병원,경상북도 의성군 봉양면 화전리 96번지 3호  ,2014-09-23,1
272 의성군,백산동물병원,경상북도 의성군 안계면 용기리 527번지 5호  ,2018-09-04,1
273 의성군,하누동물병원,경상북도 의성군 의성읍 도서리 122번지 1호  ,2018-09-04,1
274 의성군,한솔동물병원,경상북도 의성군 봉양면 화전리 573번지 1호  ,2019-08-07,0
275 의성군,다온동물병원,경상북도 의성군 안계면 용기리 848번지 23호  ,2020-08-04,0
276 의성군,다호동물병원,경상북도 의성군 봉양면 화전리 78번지 8호  ,2020-08-04,0
277 청송군,진보동물병원,경상북도 청송군 진보면 진안리 465번지 5호 카페거기 ,2017-09-27,1
278 청송군,청송동물병원,경상북도 청송군 진보면 진안리 125번지 11호  ,2020-10-20,0
279 영양군,국립생태원 멸종위기종복원센터 동물병원,경상북도 영양군 영양읍 대천리 360번지 국립멸종위기종복원센터 ,2021-02-16,2
280 영양군,청송영양축협동물병원(영양지점),경상북도 영양군 영양읍 서부리 247번지 5호 청송영양축협 ,2019-12-30,1
281 영양군,국립생태원 멸종위기종복원센터,경상북도 영양군 영양읍 대천리 360번지 국립멸종위기종복원센터 ,2021-02-16,0
282 영덕군,영덕종합동물병원,경상북도 영덕군 영덕읍 남석리 5번지 10호  ,2010-09-28,1
283 영덕군,영덕울진축협 동물병원,경상북도 영덕군 영덕읍 화수리 592번지  ,2013-10-08,1
284 영덕군,영덕사랑동물병원,경상북도 영덕군 영덕읍 덕곡리 215번지 1호  ,2018-10-10,1
285 청도군,고려동물병원,경상북도 청도군 청도읍 고수리 854번지 1호 8통 11반  ,1993-03-15,1
286 청도군,우성동물병원,경상북도 청도군 청도읍 원정리 534번지 3호  ,2007-06-05,1
287 청도군,청도축협동물병원,경상북도 청도군 화양읍 동천리 139번지 2호  ,2006-05-24,1
288 청도군,박동물병원,경상북도 청도군 풍각면 송서리 578번지 9호 16통 5반  ,1996-06-25,1
289 청도군,우신동물병원,경상북도 청도군 금천면 동곡리 993번지  ,1981-09-09,1
290 청도군,창신동물병원,경상북도 청도군 매전면 동산리 240번지 4호 5통  ,1979-06-20,1
291 청도군,우리동물병원,경상북도 청도군 화양읍 범곡리 140번지 3호  ,2007-03-05,1
292 청도군,현 동물병원,    ,2012-07-10,1
293 청도군,현대동물병원,경상북도 청도군 청도읍 고수리 152번지 1호  ,2020-12-07,1
294 고령군,고령가축병원,경상북도 고령군 고령읍 헌문리 232번지  ,1970-07-24,1
295 고령군,진흥동물병원,경상북도 고령군 고령읍 지산리 217번지 1호  ,1991-12-07,1
296 고령군,대가야동물병원,경상북도 고령군 고령읍 지산리 232번지 21호  ,2003-03-18,1
297 고령군,고령성주축협동물병원,경상북도 고령군 고령읍 고아리 140번지 21호  ,2011-08-23,1
298 고령군,성산가축병원,경상북도 고령군 성산면 어곡리 11번지  ,1977-02-24,1
299 고령군,정수의과병원,경상북도 고령군 대가야읍 쾌빈리 6번지 1호 해동디오팰리스 ,1994-02-15,1
300 고령군,경북동물병원,경상북도 고령군 쌍림면 고곡리 257번지 7호  ,2021-03-11,1
301 고령군,유경동물병원,경상북도 고령군 성산면 득성리 175번지 6호  ,2015-09-10,1
302 고령군,한림산업동물병원,    ,2014-03-28,1
303 고령군,사랑동물병원,경상북도 고령군 고령읍 쾌빈리 6번지 1호  ,2011-08-31,1
304 고령군,라파동물병원,    ,2007-03-27,1
305 성주군,영남동물병원,경상북도 성주군 성주읍 경산리 165번지 5호 1통  ,1967-10-10,1
306 성주군,현대동물병원,경상북도 성주군 성주읍 성산리 68번지 8호  ,1990-09-21,1
307 성주군,청솔동물병원,경상북도 성주군 성주읍 예산리 344번지 6호 31통  ,1996-03-21,1
308 성주군,성주가축병원,경상북도 성주군 성주읍 경산리 718번지  ,1990-03-22,1
309 성주군,화성동물병원,경상북도 성주군 선남면 도성리 881번지 5호  ,2006-02-03,1
310 성주군,강주혁동물병원,경상북도 성주군 용암면 상언리 619번지 8호  ,2009-07-07,1
311 성주군,지누동물병원,경상북도 성주군 성주읍 예산리 855번지  ,2018-05-28,1
312 성주군,유은동물병원,경상북도 성주군 성주읍 백전리 718번지 미라벨A ,2018-05-28,1
313 칠곡군,제일가축병원,경상북도 칠곡군 왜관읍 왜관리 207번지 34호  ,1985-12-30,1
314 칠곡군,다솜동물병원,경상북도 칠곡군 왜관읍 왜관리 298번지 1호  ,2004-06-17,1
315 칠곡군,임프로동물병원,경상북도 칠곡군 가산면 석우리 576번지  ,2010-09-10,2
316 칠곡군,미래동물병원,경상북도 칠곡군 왜관읍 왜관리 376번지 3호  ,2009-10-01,1
317 칠곡군,석적동물병원,경상북도 칠곡군 석적읍 중리 90번지 3호  ,2012-06-15,1
318 칠곡군,왜관동물병원,경상북도 칠곡군 왜관읍 왜관리 210번지 107호  ,2012-09-10,1
319 칠곡군,DK동물병원,경상북도 칠곡군 동명면 금암리 1364번지 130호  ,2015-12-04,1
320 칠곡군,어울림 동물병원,경상북도 칠곡군 석적읍 중리 137번지 10호  ,2016-04-12,1
321 칠곡군,25세 동물병원,경상북도 칠곡군 왜관읍 석전리 536번지 8호  ,2021-05-18,1
322 칠곡군,임수의과병원,경상북도 칠곡군 가산면 송학리 224번지  ,2021-08-04,0
323 예천군,대관령 가축병원,경상북도 예천군 예천읍 남본리 222번지 139호  ,1984-04-02,1
324 예천군,예천축산농협 동물병원,경상북도 예천군 예천읍 청복리 842번지  ,1996-09-05,1
325 예천군,대심동물병원,경상북도 예천군 예천읍 서본리 72번지 3호  ,2007-09-04,1
326 예천군,손 동물병원,경상북도 예천군 풍양면 낙상리 146번지 13호  ,1994-03-24,1
327 예천군,조재환 동물병원,경상북도 예천군 예천읍 남본리 218번지 1호  ,1990-12-21,1
328 예천군,서울동물병원,경상북도 예천군 예천읍 남본리 222번지 77호 서울동물병원 ,1991-04-09,1
329 예천군,김윤곤 동물병원,경상북도 예천군 풍양면 낙상리 185-12 ,2016-04-01,1
330 예천군,한사랑동물병원,경상북도 예천군 예천읍 남본리 245번지 25호  ,2016-12-26,1
331 예천군,호명동물병원,경상북도 예천군 호명면 산합리 1412번지 에비뉴타워 203호 ,2018-12-28,1
332 예천군,신세계동물병원,경상북도 예천군 호명면 오천리 285번지 1호  ,2020-12-24,1
333 봉화군,봉화가축병원,경상북도 봉화군 봉화읍 내성리 353번지  ,1964-10-03,1
334 봉화군,김서필동물병원,경상북도 봉화군 봉화읍 내성리 242번지 9호  ,2007-04-11,1
335 봉화군,박동물병원,경상북도 봉화군 봉화읍 내성리 353번지 17호  ,2009-07-15,1
336 봉화군,영광동물병원,경상북도 봉화군 봉화읍 내성리 240번지 14호  ,2010-09-07,1
337 봉화군,내성동물병원,경상북도 봉화군 봉화읍 내성리 426번지 41호  ,2016-05-13,2
338 봉화군,국립백두대간수목원 동물병원,경상북도 봉화군 춘양면 서벽리 1422번지 12호  ,2017-07-18,1
339 울진군,울진동물병원,경상북도 울진군 울진읍 읍내리  ,2002-11-27,1
340 울진군,대구가축병원,경상북도 울진군 울진읍 읍내리 296번지 7호 스피드텔레콤 ,2002-11-27,1
341 울진군,킴스동물병원,경상북도 울진군 울진읍 읍내리 219번지 6호 킴스동물병원 ,2019-01-16,2
342 울진군,소담동물병원,경상북도 울진군 평해읍 평해리 462번지 4호  ,2021-01-22,0
343 울진군,魏동물병원,경상북도 울진군 울진읍 연지리 828번지  ,2021-04-22,1
344 울진군,영덕울진축산농협 동물병원,경상북도 울진군 매화면 매화리 408번지  ,2021-07-01,1
345 울릉군,우산동물병원,경상북도 울릉군 서면 남양리 608번지 5호  ,2019-01-25,1
